Nazwa pliku,czas[ms],czas[s],ilosc testow
000001EE46ED7038,0.000314,3.14e-07,5, 0->1->2->3->4->5->0
000001EE46ED7088,0.000288,2.88e-07,5, 0->5->1->2->3->4->0
000001EE46ED70D8,0.446,0.000446,5, 0->3->4->2->8->7->6->9->1->5->0
000001EE46ED7128,53.3,0.0533,5, 0->1->8->4->6->2->11->9->7->5->3->10->0
