Nazwa pliku,czas[ms],czas[s],ilosc testow
tsp_6_1,0.01689,1.69e-05100
tsp_6_2,0.0181,1.81e-05100
tsp_10,19.7,0.019750
tsp_12,1.07e+03,1.0720
