Nazwa pliku,czas[ms],czas[s],ilosc testow
tsp_6_1,0.0001896,1.9e-07,100
tsp_6_2,0.000159,1.59e-07,100
tsp_10,0.456,0.000456,50
tsp_12,57.9,0.0579,20
