Nazwa pliku,czas[ms],czas[s],ilosc testow
tsp_6_1,0.0002037,2.04e-07,100
0>1>2>3>4>5>0
tsp_6_2,0.000762,7.62e-07,100
0>5>1>2>3>4>0
tsp_10,0.515,0.000515,50
0>3>4>2>8>7>6>9>1>5>0
tsp_12,53.1,0.0531,20
0>1>8>4>6>2>11>9>7>5>3>10>0
