Nazwa pliku,czas[ms],czas[s],ilosc testow
tsp_6_1,0.000268,2.68e-07,10
tsp_6_2,0.000302,3.02e-07,10
tsp_10,0.428,0.000428,10
tsp_12,49.2,0.0492,10
tsp_13,617,0.617,5
